smiles,Initial PCE,deltaPCE,report PCE
CCCCCC[N+](C)(C)C.[Br-],15.8,7,22.8
O=C(O)CCCCCCCCCCN1C(=O)C=CC1=O,18.24,5.1,23.34
CC1=C(C)C(C2=C(C3=C(C)SC(C)=C3C)C(=O)NC2=O)=C(C)S1,19.39,4.73,24.12
C[NH3+].[Cl-],19.66,4.36,24.02
C=CC(=O)OCCO,18.45,3.6,22.05
NC(N)=S,20.95,3.47,24.42
O=C(O)C1=CC=C(C(=O)O)S1,19.31,3.47,22.78
N#CC1=C(F)C(F)=C(F)C(F)=C1C#N,19.4,3.42,22.82
c1ccncc1,13.1,3.4,16.5
c1csc(-c2ccc(-c3cccs3)c3nsnc23)c1,17.18,3.39,20.57
O=C(O)c1cc(=O)[nH]c2ccccc12,17.07,3.33,20.4
C1COCCOCCOCCOCCOCCO1,16.38,3.31,19.69
COc1ccc(C(=O)c2ccccc2)c(O)c1,19.82,3.27,23.09
NC(=O)CC(N)=O,20.88,3.25,24.13
O=C1/C(=C2\Nc3ccccc3C2=O)Nc2ccccc21,20,3.22,23.22
C=CC(=O)OCCCC,16.8,3.2,20
NCCC1=CNC2=CC=CC=C12,17.27,3.13,20.4
C1=CC=C(C=C1)CC#N,18.01,3.08,21.09
O=P(O)(O)C1=CC=CC=C1,18.95,3.07,22.02
O=C(O)CC1=CSC=C1,17.54,3.07,20.61
NC(N)=S,20.95,3.06,24.01
NC(CC1=CNC2=C1C=CC=C2)C(=O)O,18.49,3.06,21.55
O=C(CO)CO,20.21,3.05,23.26
CCCCCCCc1ccc(-c2ccc(C#N)cc2)cc1,17.14,3.05,20.19
Fc1c(F)c(F)c(P(c2c(F)c(F)c(F)c(F)c2F)c2c(F)c(F)c(F)c(F)c2F)c(F)c1F,18.05,2.99,21.04
NC(=O)C1=CC=CS1,17.54,2.99,20.53
CC(=O)C1=CC=C(N2C(=O)C=CC2=O)C=C1,20.09,2.94,23.03
C1=CSC(C2=CC(C3=CC=CS3)=CC(C3=CC=CS3)=C2)=C1,19.56,2.9,22.46
NC(=O)NC(N)=O,18.26,2.9,21.16
O=S(=O)(O)C1=CC=C2N=C(C3=CC=CC=C3)NC2=C1,20.38,2.89,23.27
O=C(O)C1=CC=C(C(=O)O)S1,19.96,2.89,22.85
N[C@@H](CC1=CC=CC=C1)C(=O)O,19.07,2.88,21.95
O=C1OC(=O)c2cc(C(c3ccc4c(c3)C(=O)OC4=O)(C(F)(F)F)C(F)(F)F)ccc21,19.58,2.85,22.43
C=C(C#N)C(=O)OCC,17.3,2.82,20.12
NCCC1=CC(O)=C(O)C=C1,14.05,2.82,16.87
CCCCCCCC[NH3+].[I-],15.7,2.8,18.5
CCCCCCCCc1ccc2c(c1)sc1c3ccc(CCCCCCCC)cc3sc21,19.17,2.77,21.94
Cn1nnnc1SSc1nnnn1C,17.9,2.77,20.67
Clc1ccnc2c1ccc1c(Cl)ccnc12,18.41,2.74,21.15
O=C(O)C1=CSC(Cl)=N1,19.83,2.72,22.55
CCCCCCCCN1C(=O)C2=C3C(=CC=C4C5=CC=C6C(=O)N(CCCCCCCC)C(=O)C7=C6C5=C(C=C7)C(=C34)C=C2)C1=O,19.52,2.72,22.24
NCCC1=CC(O)=C(O)C=C1,18.31,2.72,21.03
S=C(/N=N/C1=CC=CC=C1)NNC1=CC=CC=C1,16.96,2.71,19.67
SC1=NC=CC=C1,19.07,2.7,21.77
NC(=S)NC1=NC=CC=C1,15.5,2.7,18.2
NC(CS)C(=O)O,14.71,2.7,17.41
O=C(O)C1=C(Cl)C=CS1,18.41,2.66,21.07
Cn1c(=O)c2c(ncn2C)n(C)c1=O,17.59,2.66,20.25
FC(F)(I)C(F)(F)C(F)(F)C(F)(F)I,17.46,2.66,20.12
[B-](F)(F)(F)F.CCCCN1C=C[N+](=C1)C,11.37,2.66,14.03
C1C(CC2=CC=CC=C21)N.Cl,21.94,2.64,24.58
O=C(O)c1cc(C(F)(F)F)cc(C(F)(F)F)c1,18.45,2.64,21.09
Nc1nc(CC(=O)O)cs1,17.1,2.64,19.74
C1=CC=C(C=C1)CCN.I,15.33,2.62,17.95
C1CNCC[NH2+]1.[I-],20.76,2.61,23.37
NC1=CC=C(S(=O)(=O)O)C=C1,21.49,2.6,24.09
NC(CC1=CN=CN1)C(=O)O,20.31,2.6,22.91
NC1=CC=C(F)C=C1,16,2.6,18.6
Cc1c(OCC(F)(F)F)ccnc1CS(=O)c1nc2ccccc2[nH]1,21.5,2.55,24.05
O=C(O)C(F)(F)F,20.3,2.52,22.82
O=C(O)CC1=CC=CS1,18.1,2.5,20.6
C1=CC=C(C=C1)CCN.Br,16.8,2.49,19.29
NC(=S)C(N)=S,18.58,2.48,21.06
O=C(O)c1ccnc(C(=O)O)c1,16.43,2.48,18.91
O=CC1=CC=C(O)C=C1,18.42,2.47,20.89
Cn1c(=O)c2[nH]cnc2n(C)c1=O,21.02,2.46,23.48
Cn1c(=O)c2c(ncn2C)n(C)c1=O,18.38,2.44,20.82
O=CC1=CC=C(N(C2=CC=CC=C2)C2=CC=CC=C2)C=C1,20.77,2.43,23.2
Cn1cc[nH]c1=S,17.68,2.42,20.1
C1=CC=C(C=C1)CS(=O)CC2=CC=CC=C2,20.2,2.4,22.6
O=C(CCS)OCC(COC(=O)CCS)(COC(=O)CCS)COC(=O)CCS,19,2.4,21.4
C(C(=O)[O-])N(CC(=O)[O-])CC(=O)[O-].[K+].[K+].[K+] ,18.6,2.4,21
NC(=O)NC1=CC=CC=C1,17.94,2.4,20.34
CCC1=NS(=O)(=O)c2ccccc21,21.46,2.39,23.85
C1=CC(=CC=C1C2=C(C(=O)C2=O)C3=CC=C(C=C3)Br)Br,21.44,2.38,23.82
O=S(=O)(Cl)c1ccc(Br)cc1,19.46,2.38,21.84
O=S(=O)(Cl)c1ccc(Br)cc1,19.46,2.38,21.84
FC1=C(F)C(F)=C(B(C2=C(F)C(F)=C(F)C(F)=C2F)C2=C(F)C(F)=C(F)C(F)=C2F)C(F)=C1F,19.07,2.35,21.42
C1=CC=NC(=C1)C2=CC=CC=N2,14.22,2.35,16.57
NS(N)(=O)=O,22.3,2.34,24.64
O=C(O)C1=CC=C(C(=O)O)O1,21.73,2.34,24.07
NS(=O)(=O)C1=CC(F)=CC(F)=C1,21.36,2.33,23.69
COC(=O)c1ccc(OC)cc1N,19.45,2.33,21.78
C1=CC(=CC=C1S(=O)(=O)[O-])Cl,24,2.3,26.3
O=C(c1ccc2c(c1)C(=O)OC2=O)c1ccc2c(c1)C(=O)OC2=O,19.58,2.3,21.88
Nc1ccc(S(=O)(=O)O)cc1,18.02,2.3,20.32
OB(O)c1cc(F)cc(F)c1,19.73,2.28,22.01
C(CN(CP(=O)(O)O)CP(=O)(O)O)N(CCN(CP(=O)(O)O)CP(=O)(O)O)CP(=O)(O)O,17.74,2.28,20.02
N[C@@H](CC1=CC=C(O)C(O)=C1)C(=O)O,19.21,2.25,21.46
N[C@@H](CC(=O)O)C(=O)O,21.5,2.24,23.74
O=C(O)C1=C(C(=O)O)C(F)=C(F)C(F)=C1F,21.46,2.24,23.7
O=C1CCC(=O)N1O,19.97,2.24,22.21
NC1=CC=C(SC(F)(F)F)C=C1,18,2.24,20.24
O=C(O)C1=CC(C(=O)O)=CC(C(=O)O)=C1,13.57,2.24,15.81
NS(N)(=O)=O,21.61,2.23,23.84
O=P(O)(O)O[C@H]1[C@H](OP(=O)(O)O)[C@@H](OP(=O)(O)O)[C@H](OP(=O)(O)O)[C@@H](OP(=O)(O)O)[C@H]1OP(=O)(O)O,19.84,2.22,22.06
C1N2CN3CN1CN(C2)C3,12.7,2.22,14.92
NC(=O)C(F)(F)C(N)=O,20,2.21,22.21
N#CCC1=CC=C2C=CC=CC2=C1,18.01,2.21,20.22
CCCCN,22.39,2.2,24.59
c1cnc2ncccc2c1,21.6,2.2,23.8
CS(=O)(=O)N1CCNCC1,21.2,2.2,23.4
C=CC(=O)Oc1c(F)c(F)c(F)c(F)c1F,20.22,2.2,22.42
NC(N)=S,17.6,2.2,19.8
c1ccsc1,13.1,2.2,15.3
CCNC(=O)CCC(N)C(=O)O,22.29,2.19,24.48
N#CC1=CC=C(Br)C=C1,20.09,2.19,22.28
N[C@@H](CCC(=O)N[C@@H](CSSC[C@H](NC(=O)CC[C@H](N)C(=O)O)C(=O)NCC(=O)O)C(=O)NCC(=O)O)C(=O)O,19.47,2.19,21.66
N[C@@H](CCC(=O)N[C@@H](CSSC[C@H](NC(=O)CC[C@H](N)C(=O)O)C(=O)NCC(=O)O)C(=O)NCC(=O)O)C(=O)O,19.47,2.19,21.66
NC(=O)c1ccc(F)cc1,19.16,2.19,21.35
O=C(O)c1ccnc(O)c1,17.07,2.19,19.26
O=C(O)CCCC(=O)O,19.64,2.18,21.82
C1COCCOCCOCCOCCOCCN1,21.9,2.17,24.07
O=C1COCC(=O)N1,20.88,2.17,23.05
O=S(=O)(N(C1=NC=CC=C1)S(=O)(=O)C(F)(F)F)C(F)(F)F,20.74,2.16,22.9
CC(N)=S,19.29,2.16,21.45
O=C(O)CCCCNC(=O)OCC1C2=CC=CC=C2C2=C1C=CC=C2,19.055,2.16,21.215
C1=CC=C(C2=CC=CC=N2)N=C1,18.38,2.15,20.53
O=C(O)c1cncc(C(=O)O)c1,16.43,2.15,18.58
N[C@H](CC1=C(F)C(F)=C(F)C(F)=C1F)C(=O)O,19.42,2.14,21.56
C1=CC2=C(N=C1)C1=C(C=CC=N1)C=C2,18.03,2.13,20.16
N=C(N)C1=CC=C(C(F)(F)F)C=C1,21.28,2.12,23.4
O=C(O)[C@@H](O)[C@H](O)C(=O)O,19.7,2.12,21.82
Cc1nc2ccccc2[nH]1,19.46,2.11,21.57
C1=CC(=CN=C1)CN,23.39,2.1,25.49
N[C@H](CC(=O)O)C(=O)O,20.6,2.1,22.7
C=CC(=O)OCC(CC)(COC(=O)C=C)COC(=O)C=C,20.3,2.1,22.4
Nc1cc(C(c2ccc(O)c(N)c2)(C(F)(F)F)C(F)(F)F)ccc1O,18.2,2.1,20.3
CCCC[NH3+].[Br-],18.58,2.09,20.67
NC1=NN=NN1,17.66,2.09,19.75
O=C(O)C1=CC=CN=C1,17.43,2.09,19.52
O=C(O)C1=CC=NC=C1,17.19,2.08,19.27
CCCC[NH3+].[Br-],21.71,2.07,23.78
O=P(O)(O)Cc1c(F)c(F)c(F)c(F)c1F,20.19,2.06,22.25
CC(=O)N1CCN(C2CCC3NCN(CC(=O)NCc4ccc(C#N)cc4)C(=O)C3C2)CC1,20.15,2.06,22.21
OB(O)c1ccsc1,19.74,2.06,21.8
O=C(O)CN(CC(=O)O)CC(=O)O,19.06,2.06,21.12
Fc1c(F)c(F)c(B(c2c(F)c(F)c(F)c(F)c2F)c2c(F)c(F)c(F)c(F)c2F)c(F)c1F,19.55,2.05,21.6
CC(N)=S,19.52,2.05,21.57
O=C1Nc2ccc(Cl)cc2C1=O,18.13,2.05,20.18
O=C(O)C1=CSC=C1,17.54,2.05,19.59
N=C(N)SCCCS(=O)(=O)O,20.49,2.03,22.52
O=C([O-])C1=NC(=O)NC(=O)N1.[K+],20.06,2.03,22.09
O=P(O)(O)CN(CP(=O)(O)O)CP(=O)(O)O,20.99,2.02,23.01
Nc1ccnc(=O)[nH]1,20.07,2.01,22.08
CC1CCC2C(C)C(=O)OC3OC4(C)CCC1C32OO4,18.42,2.01,20.43
NCCC1=CC=C(O)C(O)=C1,17.74,2.01,19.75
C1=CC(=CC=C1C(=O)O)N=C(N)N.Cl,22.8,2,24.8
C1=CC=C(C=C1)CC[NH3+].[I-],21.3,2,23.3
c1nc[nH]n1,18.9,2,20.9
O=C(O)C1=CC=C(Cl)C=C1,18.23,1.99,20.22
O=CC1=CC=C(C2=CC=CC=C2)C=C1,20.77,1.98,22.75
O=C(O)C1=CC=C(C(=O)O)C=C1,18.32,1.98,20.3
O=C(O)C1=CC=C(C(=O)O)C=C1,16.53,1.98,18.51
O=C1COCCN1,20.88,1.96,22.84
Nc1cc(C(=O)O)ccc1C(=O)O,19.13,1.96,21.09
CC(C)(C)C1=CC=NC=C1,14.56,1.95,16.51
O=c1[nH]sc2ccccc12,19.91,1.92,21.83
NCc1ccccc1Cl,20.7,1.9,22.6
NCC(=O)O,19.08,1.9,20.98
NCCC(=O)O,18.5,1.9,20.4
N#CCCC#N,18.4,1.9,20.3
O=C(O)CC1=CSC=C1,18.1,1.9,20
CCCC[NH3+].[Br-],16.18,1.9,18.08
Clc1ccc2[nH]ccc2c1,20.58,1.89,22.47
NCCP(=O)(O)O,20.46,1.89,22.35
C(CN)CBr.Br,12.15,1.89,14.04
O=C(/C=C/C=C/C1=CC=C2OCOC2=C1)N1CCCCC1,21.49,1.88,23.37
O=C(O)Cc1ccc(C(F)(F)F)cc1,20.31,1.88,22.19
CO[Si](CCCN)(OC)OC,18.85,1.87,20.72
C1=CC=C(P(C2=CC=CC=C2)C2=CC=CC=C2)C=C1,18.36,1.86,20.22
NC(=O)C(F)(F)F,22.31,1.85,24.16
C1=CSC(=C1)C2=CC=C(S2)CCN,21.74,1.85,23.59
C=CC(=O)OCCC#N,18.38,1.85,20.23
CC1=NC=CN1,17.6,1.85,19.45
CCCCc1ccsc1,17.31,1.85,19.16
CCOC(=S)S[K],16.56,1.85,18.41
Fc1nc(F)nc(F)n1,19.27,1.84,21.11
CC(C)(C)C1=CC=C(C(=O)O)C=C1,16.8,1.84,18.64
O=C1C2CC3CC(C2)CC1C3,21,1.82,22.82
CC(N)=O,20.88,1.82,22.7
CCCCCCCCCCCCS,19.07,1.82,20.89
CC(=O)N1CCN(C2CCC3NCN(CC(=O)NCC4=CC=C(C#N)C=C4)C(=O)C3C2)CC1,19.3,1.8,21.1
SC1=NC2=C(C=CC=C2)N1,19.1,1.8,20.9
NC(=O)c1ccc(Cl)cc1,19.16,1.79,20.95
C1CN(CCN1CCO)S(=O)(=O)O,18.43,1.79,20.22
NC1=NC=CC=C1,19.15,1.77,20.92
CC1COC(=O)O1,17.88,1.75,19.63
CN1C=NC2=CC=CC=C21,19.48,1.74,21.22
O=S(=O)(Cl)C1=CC=C(Cl)C=C1,18.29,1.73,20.02
O=c1[nH]cnc2nc[nH]c12,20.42,1.72,22.14
CC(=O)O,18.84,1.72,20.56
O=C(O)C(=O)O,21.2,1.71,22.91
CC(=O)C1=CC=C(C2=CC=CC=C2)C=C1,20.77,1.7,22.47
CCCCCC[NH3+].[Br-],20.7,1.7,22.4
NCC1=CC=C(C(F)(F)F)C=C1,20.66,1.7,22.36
ClC1=CC=CC=C1Cl,19.07,1.68,20.75
CCCCCCCCN1C(=O)C2=C(Br)SC(Br)=C2C1=O,19.06,1.68,20.74
C(=[NH2+])N.C(=O)[O-],21.22,1.67,22.89
NCC1CCOCC1,20.56,1.66,22.22
CC(C)(S)C(N)C(=O)O,22.44,1.65,24.09
COC1=CC(CNC(=O)CCCC/C=C/C(C)C)=CC=C1O,20.5,1.65,22.15
O=C1OCC2=CC=CC=C12,20.34,1.65,21.99
CN(C)C1=CC=CC=C1,18.48,1.65,20.13
NNC(=O)C1=CC=CC=C1,21.11,1.64,22.75
C([NH3+])[NH3+].[Cl-].[Cl-],23.05,1.61,24.66
O=C1C=CC(=O)N1C1=CC=C(CC2=CC=C(N3C(=O)C=CC3=O)C=C2)C=C1,21.1,1.6,22.7
CC(C)N.I,20.8,1.6,22.4
CCCCCCCCCCCCc1ccsc1,17.31,1.6,18.91
CCc1ccsc1,17.31,1.6,18.91
COC(=O)C1=C(S(N)(=O)=O)C=CS1,19.19,1.58,20.77
O=C1OCCO1,17.88,1.58,19.46
CC1CCC2C(C)C(=O)OC3OC4(C)CCC1C32OO4,19.53,1.57,21.1
C1=CC2=C(C=C1)NC=N2,22.72,1.56,24.28
CNCC1=CC=CS1,21.11,1.56,22.67
CC(=O)C1=C(C)SC(C)=C1,17.47,1.56,19.03
C1=CC=NC=C1,18.83,1.54,20.37
CSCCC(=O)O,20.72,1.5,22.22
C1=CC(=CC=C1C2=NC(=NC(=N2)C3=CC=C(C=C3)F)C4=CC=C(C=C4)F)F ,18.32,1.49,19.81
C1=CC=C(C=C1)S(=O)(=O)N2C=CC=C2,24.61,1.48,26.09
CC1CCC2C(C)C(OC(=O)CCC(=O)O)OC3OC4(C)CCC1C32OO4,19.53,1.48,21.01
FC(F)(F)C1=CC=CC=C1,21.28,1.47,22.75
NC1=CC=C(C(=O)O)C=C1,19.01,1.46,20.47
C1=CC=C(C2=NC=CC=C2)N=C1,17.58,1.44,19.02
CC(C)(C)C1=CC=NC=C1,16.14,1.44,17.58
O=C(O)CC1=CN=CN1,19.53,1.43,20.96
C1=CC=NC=C1,17.58,1.42,19
CN(C)C(=N)N=C(N)N,20.72,1.41,22.13
CC(C)(C)C1=CC=C(N)C=C1,16.8,1.41,18.21
CCCCCCCC[NH3+].[Br-],20.7,1.4,22.1
O=C(NC1=CC=CC=C1)NC1=CC=CC=C1,20.3,1.4,21.7
SCCS,19.6,1.4,21
CCCCCCCCP(=O)(O)O,19.6,1.4,21
Nc1ccccc1,19.1,1.4,20.5
CCCCCC[N+](C)(C)C.[Br-],12.9,1.4,14.3
c1ccc(-c2ccnc3c2ccc2c(-c4ccccc4)ccnc23)cc1,18.41,1.39,19.8
CSC1=NCCN1,19.87,1.38,21.25
NS(=O)(=O)C1=C(F)C=CC=C1F,21.36,1.36,22.72
CN(C)P(=O)(N(C)C)N(C)C,15.73,1.36,17.09
COC1=CC=C(CC(=O)O)C=C1,20.97,1.35,22.32
O=P(O)(O)O,19.67,1.35,21.02
Clc1nc(Cl)nc(Cl)n1,19.27,1.35,20.62
CC(C)(C)C1=CC=C(C=O)C=C1,16.8,1.35,18.15
C1COCCN1.I,21.57,1.32,22.89
CCCCC(N)=[NH2+],23.7,1.3,25
CN1C=NC2=C1C(=O)N(C(=O)N2C)C,21.02,1.3,22.32
CCCC[NH3+].[Br-],20.7,1.3,22
O=C(O)c1ccsc1,19.5,1.3,20.8
O=C(O)CCC1=CC=C(O)C(O)=C1,19.21,1.3,20.51
O=C(O)/C=C/C(=O)O,19.18,1.3,20.48
O=C(O)/C=C/C(=O)O,19.18,1.3,20.48
CSc1nn[nH]n1,19.1,1.3,20.4
C1=CN=CC=N1,18.79,1.3,20.09
CC(C)(C)C1=CC=NC=C1,16.8,1.3,18.1
NCCS(=O)O,20.46,1.28,21.74
O=S(=O)([O-])CCC[n+]1ccccc1,19.63,1.28,20.91
CN1C2=C(C=CC=C2)C(C)(C)C12C=CC1=CC([N+](=O)[O-])=CC=C1O2,21.96,1.27,23.23
C1(=C(C(=C(C(=C1F)F)F)F)F)F,24.81,1.26,26.07
CC(C)(C)NSc1nc2ccccc2s1,19.71,1.26,20.97
N=C(N)C1=CC=CC=C1,21.28,1.25,22.53
CCC(N)=O,17.18,1.24,18.42
C1CNCCN1.I.I  ,20.76,1.22,21.98
NC1=C(F)C(F)=C(F)C(F)=C1F,18.09,1.22,19.31
O=C(O)CC(=O)O,21.2,1.21,22.41
OCC(F)(F)F,19.71,1.21,20.92
O=C1CC(=O)NC(=O)N1,21.59,1.2,22.79
CC1=CC=C(O)C(N2N=C3C=CC=CC3=N2)=C1,21.26,1.2,22.46
O=P(O)(O)CCn1c2ccccc2c2ccccc21,20.5,1.2,21.7
CCCCOC(=O)CC,16.8,1.2,18
C1(=C(C(=NC(=C1F)F)F)F)F,24.81,1.19,26
Cc1ccsc1,17.31,1.19,18.5
O=C(O)C1=CC(O)=CC=C1,17.07,1.19,18.26
O=C(O)C1=CC=CC=C1,22.43,1.18,23.61
CC(C)(C)C1=CC=C(S)C=C1,16.8,1.18,17.98
CP(=O)(c1ccccc1)c1ccccc1,18.94,1.16,20.1
O=C(O)CCCCCCC(=O)O,18.32,1.16,19.48
C1C2CC3CC1CC(C2)C3,19.32,1.15,20.47
O=C(O)C1=CC=NC=C1,19.19,1.15,20.34
C(C(=O)[O-])N.[Na+] ,18.46,1.15,19.61
c1ccsc1,17.31,1.15,18.46
CN(C)C1=CC=C(C(C)(C)C)C=C1,16.8,1.15,17.95
O=C(O)CCC1=CSC=C1,17.54,1.13,18.67
COC(=O)C1=CC=C(C(C)(C)C)C=C1,16.8,1.13,17.93
NCCF,22.28,1.12,23.4
c1ccc2c(c1)OB(B1Oc3ccccc3O1)O2,20.62,1.12,21.74
CN(C)C(=N)N=C(N)N,20.72,1.11,21.83
O=C1NC=C(C(F)(F)F)C(=O)N1,21.1,1.1,22.2
CN(CC(=O)O)C(=N)N,20.5,1.1,21.6
O=C(CO)C1=CC=CC=C1,19.61,1.1,20.71
Cc1ccsc1,19.5,1.1,20.6
O=C(O)c1ccccc1,19.5,1.1,20.6
NC(=S)Nc1ccc(Br)cc1,19.3,1.1,20.4
C1=CC=C(C2=CC=CC(C3=NC=CC=C3)=N2)N=C1,17.58,1.1,18.68
C1=NN=CN=N1,24.81,1.09,25.9
O=C(O)c1cccnc1,18.2,1.08,19.28
CC(C)OP(=O)(CP(=O)(OC(C)C)OC(C)C)OC(C)C,18.05,1.08,19.13
N#CC1=CC=C(C(=O)O)C=C1,17.19,1.08,18.27
C#CC1=CC=C(C(C)(C)C)C=C1,16.8,1.08,17.88
ICCCCI,17.46,1.06,18.52
O=P(c1ccccc1)(c1ccccc1)c1ccccc1,18.05,1.05,19.1
O=P(C1=CC=CC=C1)(C1=CC=CC=C1)C1=CC=CC=C1,17.24,1.05,18.29
COC1=CC=C(C(=O)C2=CC=CC=C2)C(O)=C1,22.58,1.02,23.6
O=C(O)CC(=O)O,21.59,1.02,22.61
O=C(O)C12CC3CC(CC(C3)C1)C2,21,1.01,22.01
CC1=CNC(=O)NC1=O,19,1,20
CCCN.Br,12.15,1,13.15
CN(C)CCO,19.7,0.99,20.69
COC(=O)c1ccc(OC)c(N)c1,19.45,0.97,20.42
NC(=O)c1ccccc1,19.16,0.97,20.13
Cc1ccc(S(=O)(=O)O)cc1,18.57,0.97,19.54
NCCc1ccccc1,20.71,0.93,21.64
BrC1=CC=C(C2=NC(C3=CC=C(Br)C=C3)=NC(C3=CC=C(Br)C=C3)=N2)C=C1,18.32,0.93,19.25
NCC(F)(F)F,20.65,0.91,21.56
C1CSCCN1,24.6,0.9,25.5
CC(C)(C)NC(=O)NC(C)(C)C,20.3,0.9,21.2
C1(=NC(=NC(=N1)F)F)F,24.81,0.89,25.7
NCC(F)F,22.28,0.84,23.12
CC(C)(C)N,22.39,0.81,23.2
CC(C)(C)C1=CC=C(I)C=C1,16.8,0.81,17.61
CCCCCCCC[NH3+].[I-],21.23,0.8,22.03
NCCC(=O)O,20.46,0.8,21.26
CCCCCl,20.56,0.79,21.35
C1=CNC=C1,19.23,0.79,20.02
COc1cccc(CCN)c1,21.36,0.78,22.14
NC(N)=O,21.59,0.74,22.33
Cc1cccc(CN)c1,20.7,0.72,21.42
CC(C)(C)C1=CC=NC=C1,18.38,0.71,19.09
Cl.NCC(F)(F)F,22.28,0.7,22.98
 C1COCCN1,20.88,0.7,21.58
CCCCCCCCP(=O)(O)O,20.5,0.7,21.2
COC1=CC=C(C(C)(C)C)C=C1,16.8,0.69,17.49
O=C(O)CC12CC3CC(CC(C3)C1)C2,21,0.67,21.67
CCCCCCCCCCCCCCCCCCI,20.34,0.67,21.01
c1ccncc1,18.35,0.67,19.02
CCCCCCCCCCCC[NH3+].[I-],21.23,0.66,21.89
NCc1ccccc1,19.16,0.65,19.81
O=C(O)CCC(=O)O,21.2,0.61,21.81
O=P(c1ccccc1)(c1ccccc1)c1ccccc1,20.8,0.6,21.4
CN(C)CCCl,19.7,0.6,20.3
CC[N+]1=CC=CC=C1,18.85,0.59,19.44
NC(=O)CC1=CC=CC=C1,22.43,0.55,22.98
CN(C)Cc1ccccc1,19.7,0.5,20.2
CCCCN.I,21.23,0.48,21.71
SCCCCCCCCS,18.89,0.47,19.36
O=C(O)CCP(=O)(O)O,20.8,0.42,21.22
CN1C=CN=C1,19.48,0.4,19.88
CC(C)(C)C1=CC=C(CO)C=C1,16.8,0.4,17.2
NCCCCc1ccccc1,20.71,0.39,21.1
Cc1ccc(S)cc1,18.35,0.39,18.74
NCc1ccccc1,20.71,0.29,21
OB(O)C1=CC=CC=C1,18.8,0.25,19.05
NC=O,19.16,0.17,19.33
C1=CSC(C2=CC=CS2)=C1,21.74,0.13,21.87
CC1=CC=C(C(C)(C)C)C=C1,16.8,-0.04,16.76
CC1CCC2C(C)C(O)OC3OC4(C)CCC1C32OO4,19.53,-0.06,19.47
NCCC(=O)O,17.19,-0.08,17.11
N#CC1=CC=C(C#N)C=C1,20.22,-0.16,20.06
CSC,19.29,-0.38,18.91
Cc1ccc(CN)cc1,20.7,-0.39,20.31
CCCCCCCCP(=O)(CCCCCCCC)CCCCCCCC,17.24,-0.39,16.85
Cn1cnc2c1c(=O)[nH]c(=O)n2C,21.02,-0.78,20.24
NCC1=C2C=CC=CC2=CC=C1,20.54,-0.94,19.6
N[C@H]1CC[C@H](N)CC1,20.08,-1.25,18.83
N#CCC(N)=O,17.6,-1.6,16
C1=CC=C(C=C1)CCN,20.7,-2.17,18.53
NC=O,17.18,-2.2,14.98
Nc1ccncc1,20.16,-3.26,16.9
NC1=CC=C(N)C=C1,20.22,-4.19,16.03
O=P(O)(O)CC1=CC=CC=C1,20,-5,15
